,district,urban_rural,household,iron_sheet,tiles,concrete,asbestos,grass,makuti,No_Tin,mud_dung,others,county,province
0,NYANDARUA NORTH,Urban,23229,21156,144,38,338,148,7,17,1,1380,Nyandarua,CENTRAL
1,NYANDARUA SOUTH,Urban,5345,5098,25,139,78,3,0,0,1,1,Nyandarua,CENTRAL
2,NYERI NORTH,Urban,14208,12827,161,740,367,69,11,29,2,2,Nyeri,CENTRAL
3,NYERI SOUTH,Urban,39927,36290,917,1325,1213,36,20,57,2,67,Nyeri,CENTRAL
4,KIRINYAGA,Urban,27461,25103,239,1090,960,11,3,9,4,42,Kirinyaga,CENTRAL
5,MURANGA NORTH,Urban,10660,8067,198,1916,409,1,0,54,1,14,Murang'a,CENTRAL
6,MURANGA SOUTH,Urban,30455,27614,459,1287,840,81,9,142,15,8,Murang'a,CENTRAL
7,KIAMBU EAST(KIAMBAA),Urban,62826,55285,2021,4146,1172,8,35,89,1,69,Kiambu,CENTRAL
8,KIKUYU,Urban,76759,67896,2826,4750,1112,9,42,70,5,49,Kiambu,CENTRAL
9,KIAMBU WEST,Urban,23023,20729,580,1212,346,2,17,125,1,11,Kiambu,CENTRAL
10,LARI,Urban,0,0,0,0,0,0,0,0,0,0,Kiambu,CENTRAL
11,GITHUNGURI,Urban,6048,4870,145,837,175,2,8,6,0,5,Kiambu,CENTRAL
12,THIKA EAST,Urban,902,895,1,3,3,0,0,0,0,0,Kiambu,CENTRAL
13,THIKA WEST,Urban,64745,54644,3305,5060,1541,26,68,33,13,55,Kiambu,CENTRAL
14,RUIRU,Urban,75089,56194,3191,13587,1680,94,126,120,63,34,Kiambu,CENTRAL
15,GATANGA,Urban,547,232,228,45,40,0,0,0,0,2,Murang'a,CENTRAL
16,GATUNDU,Urban,1967,1558,76,326,5,0,0,0,2,0,Kiambu,CENTRAL
17,NYANDARUA NORTH,Rural,52181,49919,311,14,1090,526,51,50,10,210,Nyandarua,CENTRAL
18,NYANDARUA SOUTH,Rural,61738,59316,386,61,1358,461,44,14,10,88,Nyandarua,CENTRAL
19,NYERI NORTH,Rural,81212,77965,750,124,1297,768,112,54,20,122,Nyeri,CENTRAL
20,NYERI SOUTH,Rural,66006,63412,548,186,1564,25,5,227,23,16,Nyeri,CENTRAL
21,KIRINYAGA,Rural,126520,121100,916,197,3051,945,38,88,45,140,Kirinyaga,CENTRAL
22,MURANGA NORTH,Rural,86922,83553,974,569,1188,61,37,489,30,21,Murang'a,CENTRAL
23,MURANGA SOUTH,Rural,84095,80743,825,429,1211,157,33,610,54,33,Murang'a,CENTRAL
24,KIAMBU EAST(KIAMBAA),Rural,12468,11572,377,67,242,62,25,122,0,1,Kiambu,CENTRAL
25,KIKUYU,Rural,251,127,54,0,68,0,0,0,0,2,Kiambu,CENTRAL
26,KIAMBU WEST,Rural,13455,12581,506,136,178,6,10,5,0,33,Kiambu,CENTRAL
27,LARI,Rural,30767,29680,487,233,295,34,9,10,3,16,Kiambu,CENTRAL
28,GITHUNGURI,Rural,33291,31634,645,184,629,7,152,33,2,5,Kiambu,CENTRAL
29,THIKA EAST,Rural,19176,17807,153,67,503,544,34,53,4,11,Kiambu,CENTRAL
30,THIKA WEST,Rural,7276,6746,182,16,277,35,4,9,4,3,Kiambu,CENTRAL
31,RUIRU,Rural,0,0,0,0,0,0,0,0,0,0,Kiambu,CENTRAL
32,GATANGA,Rural,29653,28514,321,126,444,32,7,192,10,7,Murang'a,CENTRAL
33,GATUNDU,Rural,53744,51750,707,360,390,16,10,135,21,355,Kiambu,CENTRAL
34,MOMBASA,Urban,138931,100038,7434,19270,4464,135,6458,689,240,203,Mombasa,COAST
35,KILINDINI,Urban,118323,101601,1677,5413,3874,126,4960,439,104,129,Mombasa,COAST
36,KWALE,Urban,4053,1649,19,21,108,26,2178,51,0,1,Kwale ,COAST
37,KINANGO,Urban,1607,1066,18,5,55,72,388,1,1,1,Kwale ,COAST
38,MSAMBWENI,Urban,23788,14282,306,170,722,188,8111,2,4,3,Kwale ,COAST
39,KILIFI,Urban,26663,18990,422,736,873,55,5515,38,6,28,Kilifi,COAST
40,KALOLENI,Urban,9375,8204,55,99,283,8,706,17,0,3,Kilifi,COAST
41,MALINDI,Urban,34468,21700,358,2344,1701,132,8105,58,28,42,Kilifi,COAST
42,TANA RIVER,Urban,7224,5279,16,2,317,1304,264,0,6,36,Tana River,COAST
43,TANA DELTA,Urban,639,537,0,5,3,59,31,4,0,0,Tana River,COAST
44,LAMU,Urban,4767,968,25,2095,145,32,1467,16,1,18,Lamu,COAST
45,TAITA,Urban,12662,11384,389,211,637,7,5,14,7,8,Taita Taveta,COAST
46,TAVETA,Urban,5375,4758,45,19,192,184,146,23,4,4,Taita Taveta,COAST
47,MOMBASA,Rural,0,0,0,0,0,0,0,0,0,0,Mombasa,COAST
48,KILINDINI,Rural,0,0,0,0,0,0,0,0,0,0,Mombasa,COAST
49,KWALE,Rural,24425,7600,120,14,275,713,15549,64,10,80,Kwale ,COAST
50,KINANGO,Rural,32387,12456,95,9,691,7221,11768,55,31,61,Kwale ,COAST
51,MSAMBWENI,Rural,35431,8143,137,31,348,4020,22575,78,17,82,Kwale ,COAST
52,KILIFI,Rural,55561,12771,681,86,861,6112,34905,46,21,78,Kilifi,COAST
53,KALOLENI,Rural,33121,12248,289,124,352,1540,18441,92,10,25,Kilifi,COAST
54,MALINDI,Rural,38663,9691,173,109,969,6611,20961,88,19,42,Kilifi,COAST
55,TANA RIVER,Rural,21354,3927,47,2,233,14659,2200,9,10,267,Tana River,COAST
56,TANA DELTA,Rural,18057,2755,130,10,128,10658,4081,49,3,243,Tana River,COAST
57,LAMU,Rural,17246,5987,45,369,511,3579,6203,60,15,477,Lamu,COAST
58,TAITA,Rural,41265,36711,391,66,978,2121,377,467,22,132,Taita Taveta,COAST
59,TAVETA,Rural,10737,7393,59,3,291,2366,536,18,49,22,Taita Taveta,COAST
60,MARSABIT,Urban,3447,3234,22,5,102,2,0,76,6,0,Marsabit,EASTERN
61,CHALBI,Urban,0,0,0,0,0,0,0,0,0,0,Marsabit,EASTERN
62,LAISAMIS,Urban,1494,397,0,0,16,11,585,13,1,471,Marsabit,EASTERN
63,MOYALE,Urban,6690,5929,19,2,147,516,10,1,60,6,Marsabit,EASTERN
64,ISIOLO,Urban,12699,11916,118,97,289,230,32,8,4,5,Isiolo,EASTERN
65,GARBATULLA,Urban,2181,1745,34,0,1,300,97,1,0,3,Isiolo,EASTERN
66,MERU CENTRAL,Urban,0,0,0,0,0,0,0,0,0,0,Meru,EASTERN
67,IMENTI NORTH,Urban,21792,19641,422,579,1065,41,11,15,2,16,Meru,EASTERN
68,IMENTI SOUTH,Urban,4292,4156,25,64,36,5,0,4,1,1,Meru,EASTERN
69,MERU SOUTH,Urban,12084,11407,96,184,245,77,7,57,8,3,Meru,EASTERN
70,MAARA,Urban,8640,8383,81,52,104,8,1,9,1,1,Meru,EASTERN
71,IGEMBE,Urban,8160,7804,23,15,260,36,6,3,6,7,Meru,EASTERN
72,TIGANIA,Urban,954,832,3,14,94,10,1,0,0,0,Meru,EASTERN
73,THARAKA,Urban,2162,1825,17,2,70,233,5,3,4,3,Tharaka Nithi,EASTERN
74,EMBU,Urban,23951,22212,637,592,437,27,16,11,9,10,Embu,EASTERN
75,MBEERE,Urban,966,936,3,10,6,10,0,0,1,0,Embu,EASTERN
76,KITUI,Urban,27522,24966,402,67,394,1589,42,44,11,7,Kitui,EASTERN
77,MUTOMO,Urban,469,410,0,0,57,1,0,0,0,1,Kitui,EASTERN
78,MWINGI,Urban,5514,5362,31,87,8,2,1,3,0,20,Kitui,EASTERN
79,KYUSO,Urban,350,343,1,1,0,5,0,0,0,0,Kitui,EASTERN
80,MACHAKOS,Urban,84271,70641,2834,7574,2046,602,55,165,106,248,Machakos,EASTERN
81,MWALA,Urban,1833,1804,7,11,0,8,0,3,0,0,Machakos,EASTERN
82,YATTA,Urban,13302,12189,95,171,76,716,30,20,1,4,Machakos,EASTERN
83,KANGUNDO,Urban,50804,47577,372,219,943,1499,116,64,6,8,Machakos,EASTERN
84,MAKUENI,Urban,15462,13274,110,55,181,1832,5,3,0,2,Makueni,EASTERN
85,MBOONI,Urban,537,532,2,0,3,0,0,0,0,0,Makueni,EASTERN
86,KIBWEZI,Urban,7136,6785,115,49,107,37,29,13,1,0,Makueni,EASTERN
87,NZAUI,Urban,3538,3399,28,55,20,34,1,0,1,0,Makueni,EASTERN
88,MARSABIT,Rural,6521,2844,34,3,197,2689,128,61,85,480,Marsabit,EASTERN
89,CHALBI,Rural,15585,1103,15,6,39,1739,716,563,14,11390,Marsabit,EASTERN
90,LAISAMIS,Rural,13248,728,19,3,20,1260,5094,133,147,5844,Marsabit,EASTERN
91,MOYALE,Rural,9726,1378,17,8,63,7572,128,6,139,415,Marsabit,EASTERN
92,ISIOLO,Rural,9743,2991,22,3,158,2563,930,541,1048,1487,Isiolo,EASTERN
93,GARBATULLA,Rural,6682,2373,34,0,11,3406,764,5,8,81,Isiolo,EASTERN
94,MERU CENTRAL,Rural,37041,35892,217,11,414,444,22,12,15,14,Meru,EASTERN
95,IMENTI NORTH,Rural,51383,48438,369,45,1505,614,302,42,30,38,Meru,EASTERN
96,IMENTI SOUTH,Rural,42735,41161,312,32,821,313,38,15,35,8,Meru,EASTERN
97,MERU SOUTH,Rural,21156,18300,166,2,400,2201,55,13,17,2,Meru,EASTERN
98,MAARA,Rural,19492,18184,132,7,127,1004,24,6,5,3,Meru,EASTERN
99,IGEMBE,Rural,91122,83316,628,69,3787,2532,296,180,208,106,Meru,EASTERN
100,TIGANIA,Rural,61654,54817,524,18,1986,3635,370,153,47,104,Meru,EASTERN
101,THARAKA,Rural,25227,19652,142,8,785,4536,60,12,6,26,Tharaka Nithi,EASTERN
102,EMBU,Rural,55708,53531,410,26,1334,218,39,108,32,10,Embu,EASTERN
103,MBEERE,Rural,50573,44551,374,82,1313,4070,114,26,9,34,Embu,EASTERN
104,KITUI,Rural,67237,52676,865,58,1471,11719,224,137,54,33,Kitui,EASTERN
105,MUTOMO,Rural,32405,20836,285,33,373,10351,392,17,24,94,Kitui,EASTERN
106,MWINGI,Rural,45425,37556,469,36,654,6531,39,48,17,75,Kitui,EASTERN
107,KYUSO,Rural,26490,14696,204,16,428,11000,55,36,21,34,Kitui,EASTERN
108,MACHAKOS,Rural,33555,31817,321,60,600,694,20,31,6,6,Machakos,EASTERN
109,MWALA,Rural,33709,31297,288,21,140,1886,41,16,5,15,Machakos,EASTERN
110,YATTA,Rural,46868,39740,361,10,309,6372,51,14,8,3,Machakos,EASTERN
111,KANGUNDO,Rural,0,0,0,0,0,0,0,0,0,0,Machakos,EASTERN
112,MAKUENI,Rural,36499,31583,286,21,329,4210,20,31,13,6,Makueni,EASTERN
113,MBOONI,Rural,36713,33667,234,7,524,2184,55,20,7,15,Makueni,EASTERN
114,KIBWEZI,Rural,45794,38319,413,44,683,5987,278,17,24,29,Makueni,EASTERN
115,NZAUI,Rural,40601,33716,237,45,348,6141,59,32,7,16,Makueni,EASTERN
116,NAIROBI WEST,Urban,212165,167894,21855,13741,6820,54,212,1014,128,447,Nairobi,NAIROBI
117,NAIROBI EAST,Urban,369265,234774,29909,88619,13229,58,233,1758,62,623,Nairobi,NAIROBI
118,NAIROBI NORTH,Urban,326398,198719,20910,95455,9057,52,205,1513,82,405,Nairobi,NAIROBI
119,WESTLANDS,Urban,75287,40310,22943,10333,1357,21,61,88,11,163,Nairobi,NAIROBI
120,NAIROBI WEST,Rural,0,0,0,0,0,0,0,0,0,0,Nairobi,NAIROBI
121,NAIROBI EAST,Rural,0,0,0,0,0,0,0,0,0,0,Nairobi,NAIROBI
122,NAIROBI NORTH,Rural,0,0,0,0,0,0,0,0,0,0,Nairobi,NAIROBI
123,WESTLANDS,Rural,0,0,0,0,0,0,0,0,0,0,Nairobi,NAIROBI
124,GARISSA,Urban,20635,15671,331,72,740,2407,1134,47,177,56,Garissa,NORTH EASTERN
125,LAGDERA,Urban,1849,1121,34,1,28,571,63,11,19,1,Garissa,NORTH EASTERN
126,FAFI,Urban,326,255,0,0,2,68,0,0,0,1,Garissa,NORTH EASTERN
127,IJARA,Urban,2479,1723,12,3,68,635,33,4,0,1,Garissa,NORTH EASTERN
128,WAJIR SOUTH,Urban,1474,916,3,3,11,507,4,2,28,0,Wajir,NORTH EASTERN
129,WAJIR EAST,Urban,12674,4072,94,69,86,8257,69,16,1,10,Wajir,NORTH EASTERN
130,WAJIR WEST,Urban,659,265,1,0,8,384,0,0,1,0,Wajir,NORTH EASTERN
131,MANDERA CENTRAL,Urban,8193,2721,52,47,94,4049,1186,15,14,15,Mandera,NORTH EASTERN
132,MANDERA EAST,Urban,12579,5441,43,48,127,3986,2752,26,48,108,Mandera,NORTH EASTERN
133,MANDERA WEST,Urban,2526,1550,7,5,6,930,14,2,11,1,Mandera,NORTH EASTERN
134,GARISSA,Rural,11189,391,79,11,36,8982,1656,10,12,12,Garissa,NORTH EASTERN
135,LAGDERA,Rural,35521,5886,118,92,959,25810,1373,416,505,362,Garissa,NORTH EASTERN
136,FAFI,Rural,15570,2773,132,37,553,11230,254,206,50,335,Garissa,NORTH EASTERN
137,IJARA,Rural,10701,949,38,4,41,9564,24,7,6,68,Garissa,NORTH EASTERN
138,WAJIR SOUTH,Rural,17029,1162,59,3,133,15496,42,15,61,58,Wajir,NORTH EASTERN
139,WAJIR NORTH,Rural,17567,2232,80,6,51,14819,250,16,47,66,Wajir,NORTH EASTERN
140,WAJIR EAST,Rural,18412,164,38,0,19,18117,38,17,5,14,Wajir,NORTH EASTERN
141,WAJIR WEST,Rural,20678,419,44,12,91,18713,1305,45,9,40,Wajir,NORTH EASTERN
142,MANDERA CENTRAL,Rural,42010,1828,385,13,83,32626,6720,28,81,246,Mandera,NORTH EASTERN
143,MANDERA EAST,Rural,25890,156,35,19,17,7499,17519,21,10,614,Mandera,NORTH EASTERN
144,MANDERA WEST,Rural,34273,2676,97,10,204,28217,2897,46,101,25,Mandera,NORTH EASTERN
145,SIAYA,Urban,10216,8980,104,59,279,695,4,75,15,5,Siaya,NYANZA
146,BONDO,Urban,11169,9884,118,12,27,1086,25,13,2,2,Siaya,NYANZA
147,RARIEDA,Urban,855,769,5,1,1,77,0,0,2,0,Siaya,NYANZA
148,KISUMU EAST,Urban,96923,85618,2917,2259,3630,2129,45,189,60,76,Kisumu,NYANZA
149,KISUMU WEST,Urban,1384,1248,50,16,61,5,0,1,1,2,Kisumu,NYANZA
150,NYANDO,Urban,25769,21974,324,39,798,2500,19,101,8,6,Kisumu,NYANZA
151,HOMABAY,Urban,13796,12767,177,16,180,630,9,11,3,3,Homa Bay,NYANZA
152,SUBA,Urban,4915,4701,29,6,150,22,2,3,2,0,Homa Bay,NYANZA
153,RACHUONYO,Urban,13465,12421,69,40,529,370,10,6,18,2,Homa Bay,NYANZA
154,MIGORI,Urban,18545,17244,172,85,399,590,23,11,19,2,Migori,NYANZA
155,RONGO,Urban,40964,37430,266,42,1008,2110,37,30,31,10,Migori,NYANZA
156,KURIA WEST,Urban,6734,6120,39,50,220,283,0,13,8,1,Migori,NYANZA
157,KURIA EAST,Urban,0,0,0,0,0,0,0,0,0,0,Migori,NYANZA
158,KISII CENTRAL,Urban,20581,18115,252,1266,444,279,25,152,23,25,Kisii,NYANZA
159,KISII SOUTH,Urban,12665,11383,78,94,403,656,29,14,7,1,Kisii,NYANZA
160,MASABA,Urban,19665,16161,112,60,998,2300,17,7,10,0,Kisii,NYANZA
161,GUCHA,Urban,6197,5483,16,66,332,291,2,6,1,0,Kisii,NYANZA
162,GUCHA SOUTH,Urban,2814,2551,12,20,40,176,12,1,2,0,Kisii,NYANZA
163,NYAMIRA,Urban,13865,12904,93,123,294,417,10,6,16,2,Nyamira,NYANZA
164,MANGA,Urban,0,0,0,0,0,0,0,0,0,0,Nyamira,NYANZA
165,BORABU,Urban,1535,1458,20,28,22,1,0,6,0,0,Nyamira,NYANZA
166,SIAYA,Rural,120280,70340,680,83,999,47962,132,30,29,25,Siaya,NYANZA
167,BONDO,Rural,25967,19256,138,27,378,6069,16,62,12,9,Siaya,NYANZA
168,RARIEDA,Rural,30177,21705,179,16,177,7910,23,143,9,15,Siaya,NYANZA
169,KISUMU EAST,Rural,18026,15548,99,21,254,2033,12,42,4,13,Kisumu,NYANZA
170,KISUMU WEST,Rural,31607,24322,144,12,338,6705,47,8,10,21,Kisumu,NYANZA
171,NYANDO,Rural,52428,43656,307,23,994,7143,108,146,25,26,Kisumu,NYANZA
172,HOMABAY,Rural,65629,48604,304,24,976,15380,118,182,22,19,Homa Bay,NYANZA
173,SUBA,Rural,40390,30371,181,18,528,9033,65,175,13,6,Homa Bay,NYANZA
174,RACHUONYO,Rural,67913,60673,384,27,926,5746,55,69,20,13,Homa Bay,NYANZA
175,MIGORI,Rural,51904,32895,303,14,1064,17465,79,58,12,14,Migori,NYANZA
176,RONGO,Rural,26875,22065,154,9,622,3978,22,3,6,16,Migori,NYANZA
177,KURIA WEST,Rural,21496,13762,85,5,559,7024,8,42,7,4,Migori,NYANZA
178,KURIA EAST,Rural,13452,7016,79,6,469,5862,6,8,3,3,Migori,NYANZA
179,KISII CENTRAL,Rural,60728,52854,339,64,1715,5416,117,181,38,4,Kisii,NYANZA
180,KISII SOUTH,Rural,11328,9649,42,5,230,1384,14,2,0,2,Kisii,NYANZA
181,MASABA,Rural,31116,25635,197,9,930,4205,26,103,9,2,Kisii,NYANZA
182,GUCHA,Rural,75331,60501,406,61,2450,11394,176,311,21,11,Kisii,NYANZA
183,GUCHA SOUTH,Rural,29029,23124,150,24,1056,4537,25,96,13,4,Kisii,NYANZA
184,NYAMIRA,Rural,56023,51264,288,42,814,3545,48,10,8,4,Nyamira,NYANZA
185,MANGA,Rural,19270,17130,141,11,317,1584,77,5,2,3,Nyamira,NYANZA
186,BORABU,Rural,15372,13618,359,14,346,1014,13,3,4,1,Nyamira,NYANZA
187,TURKANA CENTRAL,Urban,9808,5036,31,11,318,399,3284,6,15,708,Turkana,RIFT VALLEY
188,TURKANA NORTH,Urban,13211,5797,69,4,436,2902,2696,448,20,839,Turkana,RIFT VALLEY
189,TURKANA SOUTH,Urban,0,0,0,0,0,0,0,0,0,0,Turkana,RIFT VALLEY
190,WEST POKOT,Urban,9053,7142,167,6,99,1606,10,9,7,7,West Pokot,RIFT VALLEY
191,POKOT NORTH,Urban,0,0,0,0,0,0,0,0,0,0,West Pokot,RIFT VALLEY
192,POKOT CENTRAL,Urban,0,0,0,0,0,0,0,0,0,0,West Pokot,RIFT VALLEY
193,SAMBURU CENTRAL,Urban,4520,4147,20,0,129,75,12,38,93,6,Samburu,RIFT VALLEY
194,SAMBURU EAST,Urban,2787,1702,5,3,26,52,194,122,250,433,Samburu,RIFT VALLEY
195,SAMBURU NORTH,Urban,1624,750,4,1,5,157,101,128,353,125,Samburu,RIFT VALLEY
196,TRANS NZOIA WEST,Urban,36906,33718,770,221,1635,394,15,25,34,94,Trans Nzoia,RIFT VALLEY
197,TRANS NZOIA EAST,Urban,0,0,0,0,0,0,0,0,0,0,Trans Nzoia,RIFT VALLEY
198,KWANZA,Urban,4116,3766,16,0,5,321,2,4,2,0,Trans Nzoia,RIFT VALLEY
199,BARINGO,Urban,7626,6685,199,24,385,318,4,7,2,2,Baringo,RIFT VALLEY
200,BARINGO NORTH,Urban,0,0,0,0,0,0,0,0,0,0,Baringo,RIFT VALLEY
201,EAST POKOT,Urban,0,0,0,0,0,0,0,0,0,0,Baringo,RIFT VALLEY
202,KOIBATEK,Urban,8041,7357,159,61,343,50,5,31,10,25,Baringo,RIFT VALLEY
203,ELDORET WEST,Urban,41548,37180,1547,641,1825,117,10,154,28,46,Uasin Gishu,RIFT VALLEY
204,ELDORET EAST,Urban,20206,16319,2599,173,834,76,20,111,8,66,Uasin Gishu,RIFT VALLEY
205,WARENG,Urban,34087,30811,1210,237,702,311,7,14,28,767,Uasin Gishu,RIFT VALLEY
206,MARAKWET,Urban,1903,1832,5,6,4,40,0,16,0,0,Elgeyo Marakwet,RIFT VALLEY
207,KEIYO,Urban,9688,7226,190,33,105,2116,11,6,1,0,Elgeyo Marakwet,RIFT VALLEY
208,NANDI NORTH,Urban,975,915,2,1,27,22,1,6,0,1,Nandi,RIFT VALLEY
209,NANDI CENTRAL,Urban,19729,18475,339,40,257,527,8,65,8,10,Nandi,RIFT VALLEY
210,NANDI EAST,Urban,2742,2684,33,8,4,5,8,0,0,0,Nandi,RIFT VALLEY
211,NANDI SOUTH,Urban,0,0,0,0,0,0,0,0,0,0,Nandi,RIFT VALLEY
212,TINDERET,Urban,0,0,0,0,0,0,0,0,0,0,Nandi,RIFT VALLEY
213,LAIKIPIA NORTH,Urban,373,268,1,0,76,23,4,0,0,1,Laikipia,RIFT VALLEY
214,LAIKIPIA EAST,Urban,14155,11448,677,892,455,66,25,585,1,6,Laikipia,RIFT VALLEY
215,LAIKIPIA WEST,Urban,14731,12735,348,519,621,460,19,14,13,2,Laikipia,RIFT VALLEY
216,NAKURU,Urban,96079,83080,4903,2390,4895,128,38,563,55,27,Nakuru,RIFT VALLEY
217,NAKURU NORTH,Urban,19273,18586,258,75,282,17,11,6,34,4,Nakuru,RIFT VALLEY
218,NAIVASHA,Urban,68527,63386,1314,842,2394,302,30,136,35,88,Nakuru,RIFT VALLEY
219,MOLO,Urban,29165,27427,320,144,731,210,10,100,6,217,Nakuru,RIFT VALLEY
220,NAROK NORTH,Urban,12897,12339,93,99,245,5,9,72,24,11,Narok,RIFT VALLEY
221,NAROK SOUTH,Urban,0,0,0,0,0,0,0,0,0,0,Narok,RIFT VALLEY
222,TRANS MARA,Urban,3580,3127,25,5,141,220,17,41,3,1,Narok,RIFT VALLEY
223,KAJIADO CENTRAL,Urban,9047,8239,150,27,350,39,7,19,197,19,Kajiado,RIFT VALLEY
224,LOITOKITOK,Urban,4129,3761,51,23,200,41,6,5,0,42,Kajiado,RIFT VALLEY
225,KERICHO,Urban,32068,29300,463,309,628,1085,22,181,13,67,Kericho,RIFT VALLEY
226,KIPKELION,Urban,18625,15938,125,12,93,2353,31,43,0,30,Kericho,RIFT VALLEY
227,BURET,Urban,5515,5255,38,9,84,116,9,1,2,1,Bomet,RIFT VALLEY
228,SOTIK,Urban,2299,2181,6,58,21,29,1,1,2,0,Bomet,RIFT VALLEY
229,BOMET,Urban,19238,14313,131,134,228,4301,66,14,44,7,Bomet,RIFT VALLEY
230,KAJIADO NORTH,Urban,73655,60126,4595,5310,2958,88,55,211,223,89,Kajiado,RIFT VALLEY
231,TURKANA CENTRAL,Rural,31129,861,61,9,117,4221,18853,105,22,6880,Turkana,RIFT VALLEY
232,TURKANA NORTH,Rural,40350,1408,186,5,272,26211,5414,1169,51,5634,Turkana,RIFT VALLEY
233,TURKANA SOUTH,Rural,28437,3823,109,24,304,8637,13358,52,87,2043,Turkana,RIFT VALLEY
234,WEST POKOT,Rural,26187,8183,112,7,331,17324,57,14,149,10,West Pokot,RIFT VALLEY
235,POKOT NORTH,Rural,25961,1924,102,10,106,18258,59,23,5391,88,West Pokot,RIFT VALLEY
236,POKOT CENTRAL,Rural,32548,6207,134,9,203,25645,113,7,192,38,West Pokot,RIFT VALLEY
237,SAMBURU CENTRAL,Rural,18296,3104,109,20,175,2099,1337,21,10360,1071,Samburu,RIFT VALLEY
238,SAMBURU EAST,Rural,9955,473,198,5,73,868,1838,502,4741,1257,Samburu,RIFT VALLEY
239,SAMBURU NORTH,Rural,10049,571,13,3,31,2006,2094,341,2169,2821,Samburu,RIFT VALLEY
240,TRANS NZOIA WEST,Rural,47029,38403,394,31,1378,6225,61,33,10,494,Trans Nzoia,RIFT VALLEY
241,TRANS NZOIA EAST,Rural,39068,34163,214,20,735,3707,44,116,18,51,Trans Nzoia,RIFT VALLEY
242,KWANZA,Rural,42513,28354,327,14,1083,12332,158,21,19,205,Trans Nzoia,RIFT VALLEY
243,BARINGO,Rural,27301,18189,247,16,268,8462,37,39,14,29,Baringo,RIFT VALLEY
244,BARINGO NORTH,Rural,19730,10500,179,9,254,8716,23,26,11,12,Baringo,RIFT VALLEY
245,EAST POKOT,Rural,21289,1632,88,8,43,19345,99,13,23,38,Baringo,RIFT VALLEY
246,KOIBATEK,Rural,26439,19681,237,9,304,5969,55,16,8,160,Baringo,RIFT VALLEY
247,ELDORET WEST,Rural,47150,38698,439,68,518,7256,27,76,37,31,Uasin Gishu,RIFT VALLEY
248,ELDORET EAST,Rural,30858,24258,281,28,561,5126,37,12,12,543,Uasin Gishu,RIFT VALLEY
249,WARENG,Rural,27767,22977,356,3,648,2727,70,35,1,950,Uasin Gishu,RIFT VALLEY
250,MARAKWET,Rural,37581,16257,291,15,301,20090,98,75,49,405,Elgeyo Marakwet,RIFT VALLEY
251,KEIYO,Rural,28366,19596,234,11,480,7933,52,13,6,41,Elgeyo Marakwet,RIFT VALLEY
252,NANDI NORTH,Rural,31090,23938,206,6,527,6317,47,28,6,15,Nandi,RIFT VALLEY
253,NANDI CENTRAL,Rural,28306,24099,211,12,266,3604,11,24,3,76,Nandi,RIFT VALLEY
254,NANDI EAST,Rural,24916,21948,141,37,167,2556,15,12,12,28,Nandi,RIFT VALLEY
255,NANDI SOUTH,Rural,30643,24989,169,7,683,4670,43,75,3,4,Nandi,RIFT VALLEY
256,TINDERET,Rural,14488,9174,88,2,179,4961,17,13,1,53,Nandi,RIFT VALLEY
257,LAIKIPIA NORTH,Rural,6360,1449,18,1,81,2900,52,5,1591,263,Laikipia,RIFT VALLEY
258,LAIKIPIA EAST,Rural,26493,23747,143,12,404,1569,117,15,198,288,Laikipia,RIFT VALLEY
259,LAIKIPIA WEST,Rural,40969,33495,236,8,1139,4602,225,37,824,403,Laikipia,RIFT VALLEY
260,NAKURU,Rural,33651,29584,544,10,702,2454,49,9,122,177,Nakuru,RIFT VALLEY
261,NAKURU NORTH,Rural,31876,30756,233,47,358,256,34,39,56,97,Nakuru,RIFT VALLEY
262,NAIVASHA,Rural,36286,30910,371,29,767,2009,54,43,196,1907,Nakuru,RIFT VALLEY
263,MOLO,Rural,94240,70946,701,76,2955,18425,435,177,43,482,Nakuru,RIFT VALLEY
264,NAROK NORTH,Rural,42946,27355,300,10,2769,5844,1244,322,3175,1927,Narok,RIFT VALLEY
265,NAROK SOUTH,Rural,62326,27242,237,38,1155,17112,453,159,15211,719,Narok,RIFT VALLEY
266,TRANS MARA,Rural,47318,12196,153,39,688,33636,219,61,264,62,Narok,RIFT VALLEY
267,KAJIADO CENTRAL,Rural,26342,9638,183,14,438,3885,94,67,11531,492,Kajiado,RIFT VALLEY
268,LOITOKITOK,Rural,25478,12030,140,16,739,10147,302,386,1498,220,Kajiado,RIFT VALLEY
269,KERICHO,Rural,52870,40322,284,1156,542,10407,58,22,73,6,Kericho,RIFT VALLEY
270,KIPKELION,Rural,23662,18291,165,6,305,4826,23,9,6,31,Kericho,RIFT VALLEY
271,BURET,Rural,57560,50382,487,1034,971,4216,103,324,18,25,Bomet,RIFT VALLEY
272,SOTIK,Rural,33615,21780,667,20,531,10509,32,21,55,0,Bomet,RIFT VALLEY
273,BOMET,Rural,56067,32660,312,25,582,22155,125,156,37,15,Bomet,RIFT VALLEY
274,KAJIADO NORTH,Rural,34412,22202,1765,409,835,4206,229,24,4389,353,Kajiado,RIFT VALLEY
275,KAKAMEGA CENTRAL,Urban,23661,22236,293,206,627,236,10,19,29,5,Kakamega,WESTERN
276,KAKAMEGA SOUTH,Urban,0,0,0,0,0,0,0,0,0,0,Kakamega,WESTERN
277,KAKAMEGA NORTH,Urban,1231,981,7,3,119,115,0,6,0,0,Kakamega,WESTERN
278,KAKAMEGA EAST,Urban,516,484,3,17,0,12,0,0,0,0,Kakamega,WESTERN
279,LUGARI,Urban,4796,4634,32,33,49,33,1,13,1,0,Kakamega,WESTERN
280,VIHIGA,Urban,27516,24924,291,141,1345,703,24,78,6,4,Vihiga,WESTERN
281,EMUHAYA,Urban,11644,11009,72,17,60,447,3,25,9,2,Vihiga,WESTERN
282,HAMISI,Urban,0,0,0,0,0,0,0,0,0,0,Vihiga,WESTERN
283,MUMIAS,Urban,27849,22098,117,40,1322,4154,9,92,15,2,Kakamega,WESTERN
284,BUTERE,Urban,2923,2267,11,16,246,381,0,0,2,0,Kakamega,WESTERN
285,BUNGOMA SOUTH,Urban,21982,20007,188,181,358,1185,29,18,9,7,Bungoma,WESTERN
286,BUNGOMA NORTH,Urban,19552,17256,84,22,405,1577,22,180,5,1,Bungoma,WESTERN
287,BUNGOMA EAST,Urban,13940,12857,181,60,249,578,6,5,4,0,Bungoma,WESTERN
288,BUNGOMA WEST,Urban,7479,5290,35,10,492,1641,1,3,6,1,Bungoma,WESTERN
289,MT. ELGON,Urban,2293,2065,9,2,10,161,0,5,0,41,Bungoma,WESTERN
290,BUSIA,Urban,10562,9159,54,25,182,1076,59,4,0,3,Busia,WESTERN
291,TESO NORTH,Urban,9934,5349,43,64,53,4401,19,0,4,1,Busia,WESTERN
292,SAMIA,Urban,0,0,0,0,0,0,0,0,0,0,Busia,WESTERN
293,BUNYALA,Urban,1710,1551,5,2,22,125,3,0,2,0,Busia,WESTERN
294,TESO SOUTH,Urban,5912,4867,91,14,141,796,1,0,2,0,Busia,WESTERN
295,KAKAMEGA CENTRAL,Rural,41339,29990,224,23,591,10427,50,11,21,2,Kakamega,WESTERN
296,KAKAMEGA SOUTH,Rural,23142,20854,143,16,522,1556,39,7,4,1,Kakamega,WESTERN
297,KAKAMEGA NORTH,Rural,39402,22473,123,23,1388,15262,11,14,9,99,Kakamega,WESTERN
298,KAKAMEGA EAST,Rural,33657,26803,221,20,1309,5243,21,23,11,6,Kakamega,WESTERN
299,LUGARI,Rural,54649,45988,334,38,1355,6763,40,75,17,39,Kakamega,WESTERN
300,VIHIGA,Rural,20644,19270,146,13,315,882,11,4,2,1,Vihiga,WESTERN
301,EMUHAYA,Rural,31357,29195,197,25,450,1347,30,103,6,4,Vihiga,WESTERN
302,HAMISI,Rural,32080,29500,185,43,856,1315,22,124,23,12,Vihiga,WESTERN
303,MUMIAS,Rural,50694,33636,270,26,383,16066,44,246,21,2,Kakamega,WESTERN
304,BUTERE,Rural,51516,39977,288,48,694,10327,59,106,13,4,Kakamega,WESTERN
305,BUNGOMA SOUTH,Rural,61231,40692,332,24,1868,18092,47,148,26,2,Bungoma,WESTERN
306,BUNGOMA NORTH,Rural,41908,37323,255,29,857,3412,14,5,10,3,Bungoma,WESTERN
307,BUNGOMA EAST,Rural,31944,27018,118,5,1133,3574,7,81,5,3,Bungoma,WESTERN
308,BUNGOMA WEST,Rural,40153,29627,203,14,1039,9164,24,8,41,33,Bungoma,WESTERN
309,MT. ELGON,Rural,30119,18282,129,16,720,10544,79,79,10,260,Bungoma,WESTERN
310,BUSIA,Rural,58208,28909,265,20,1253,27611,48,78,15,9,Busia,WESTERN
311,TESO NORTH,Rural,13490,3939,57,4,165,9317,5,1,2,0,Busia,WESTERN
312,SAMIA,Rural,19385,10214,139,10,390,8561,43,4,8,16,Busia,WESTERN
313,BUNYALA,Rural,13535,7880,67,5,221,5211,20,9,2,120,Busia,WESTERN
314,TESO SOUTH,Rural,21344,5429,77,6,141,15664,16,4,3,4,Busia,WESTERN
